speaker	start	end	text
司会	0.50	10.67	皆さん、こんにちは。本日は地域づくり連続講座の第四回にお集まりいただき、ありがとうございます。司会を務めます、運営事務局の戸倉です。
司会	10.92	21.79	今日の講師は、笹ノ浦町で商店街の再生に九年にわたって関わってこられた、まちづくり団体「みなと結び舎」代表の松葉由紀子さんです。
司会	22.04	32.68	松葉さんは、もともと町の図書館の司書をされていて、四十代で商店街の活動を始められたという、少し変わった経歴をお持ちの方です。
司会	32.93	44.23	テーマは「人口八千人の町で、シャッター通りを立て直した三つの取り組み」です。空き店舗、買い物の足、店の担い手と、順番にお話しいただきます。
司会	44.48	52.96	講演はおよそ二十五分、そのあと質疑の時間を取ります。それでは松葉さん、よろしくお願いいたします。
講演者	53.41	60.69	皆さん、こんにちは。ご紹介いただきました松葉です。今日はこのような場にお招きいただき、本当にありがとうございます。
講演者	60.94	75.11	最初に、笹ノ浦町がどんな町かを簡単にお話しします。海沿いの小さな町で、人口はおよそ八千二百人、そのうち六十五歳以上の方が四割近くを占めています。
講演者	75.36	89.16	町の真ん中に「汐見通り商店街」という、全長四百メートルほどの通りがあります。昭和の終わりごろには七十二の店が並んでいて、週末は人で歩けないほどだったそうです。
講演者	89.41	99.45	ところが私が関わり始めた九年前、開いている店はわずか十九軒でした。残りの五十軒あまりは、シャッターが下りたままになっていたんです。
講演者	99.70	113.86	今日は、この通りを立て直すために続けてきたことを、三つの取り組みに分けてお話しします。一つ目が空き店舗の使い方、二つ目が買い物に来るための足、三つ目が店を続ける担い手です。
講演者	114.11	125.19	九年間でいろいろ試しましたが、今も続いているのはこの三つです。途中でやめた取り組みは十を超えますが、今日はうまく続いた三つにしぼってお話しします。
講演者	125.44	137.60	では一つ目、空き店舗を使った「ひと棚市」の話から始めます。ひと棚市というのは、空き店舗の中に棚を並べて、棚一つずつを貸し出す市のことです。
講演者	137.85	146.38	この取り組みで一番伝えたいのは、空き店舗は大きく貸そうとせず、まず小さく、短く貸すべきだ、ということです。
講演者	146.63	158.74	というのも、最初は私たちも、空き店舗を丸ごと一軒、新しいお店に借りてもらおうとしていました。ところが三年間で決まったのは、たった一軒だけでした。
講演者	158.99	168.71	理由を大家さんに聞いて回ると、一番多かったのが「知らない人に何年も貸すのは怖い」という声でした。家賃の高い安いの問題ではなかったんです。
講演者	168.96	180.35	そこで、店の中を一メートル幅の棚で区切って、一つの棚を一日単位で貸すことにしました。これが「ひと棚市」の始まりです。
講演者	180.60	190.32	もっとも、すんなり進んだわけではありません。元呉服店の大家さんには、最初「棚を置くと床が傷む」と断られました。
講演者	190.57	203.05	そこで、床には敷物を敷く、終わったら掃除して元通りにして返す、という約束を紙に書いて渡しました。そうしたら、二週間後に承諾の電話をいただけたんです。
講演者	203.30	214.69	ちなみに、ひと棚市の名前は、出店者の一人だった小学生の女の子が考えてくれたものです。棚一つで市が開ける、というのがわかりやすいと評判でした。
講演者	214.94	228.35	具体的には、元は呉服店だった広さ三十平方メートルほどのお店に、棚を十二台並べました。一台の棚を、月に一度の日曜日だけ借りてもらう形です。
講演者	228.60	243.80	手順としては、一つ目に大家さんと一日だけの使用の約束を結びます。次に私たちが棚と照明を持ち込みます。最後に、出店者を募って当日の配置を決めます。
講演者	244.05	255.28	当日の流れも決めています。朝七時に棚を運び込み、九時に開店、午後二時に閉めて、三時までには元の空っぽの店に戻します。
講演者	255.53	267.64	棚は地元の製材所に頼んで、一台八千円で作ってもらいました。十二台で九万六千円、これが最初にかかった費用のほぼすべてです。
講演者	267.89	279.26	大家さんへの謝礼は一日五千円にしました。金額は小さいのですが、「一日だけなら」と首を縦に振ってくださる方が、最初の半年で四人も出てきました。
講演者	279.51	293.49	数字で言うと、初回の出店者は九人、来場者は百四十人ほどでした。それが一年後には、出店者が三十一人、来場者が一回あたり六百人を超えるまでになりました。
講演者	293.74	305.03	出店者の募集は、最初は町の広報誌に小さな記事を一回載せただけでした。その九人が知り合いに声をかけてくれたことが、増えた一番の理由です。
講演者	305.28	315.99	二回目からは、出店者にも当日の片付けを手伝ってもらうことにしました。運営は私たち三人だけだったので、これがなければ続けられなかったと思います。
講演者	316.24	331.23	もう一つ補足すると、出店者の半分以上は、お店を持ったことのない人でした。手作りのパンを焼く主婦の方、干物を作る漁師さんの奥さん、木工が趣味の退職した先生などです。
講演者	331.48	344.98	さらに言うと、ひと棚市の日は、周りの開いている店の売上も上がりました。隣の金物屋さんでは、市の日の売上がふだんの日曜日の一点五倍ほどになったと聞いています。
講演者	345.23	357.52	大家さんへの安心材料として、毎回の出店者の名簿と、売れた品物の一覧を、翌日にお渡ししています。何が起きたかを見える形にしておくと、信頼が積み上がっていきます。
講演者	357.77	368.84	皆さんの町でも、空き店舗を前にしたら、まず一日だけ、棚一つだけで貸してみてください。大家さんの気持ちが驚くほど変わります。
講演者	369.09	378.49	二つ目の要点は、出店料の決め方です。ここでは、固定の出店料をなるべく下げて、売上に応じていただく形にしました。
講演者	378.74	389.73	最初は棚一台あたり三千円の固定料金でした。ところが、売上が二千円に届かない人が何人も出て、二回目から来なくなってしまったんです。
講演者	389.98	400.70	そこで、固定の料金を千円に下げ、そのかわり売上の一割をいただく仕組みに変えました。売れなかった日の負担が、ぐっと軽くなります。
講演者	400.95	411.87	売上の一割という数字も、最初から決まっていたわけではありません。一割五分で始めて、出店者の皆さんと三回話し合い、一割に落ち着きました。
講演者	412.12	420.63	この変更のあと、二回目以降も続けて出店する人の割合は、四割ほどから八割近くまで上がりました。
講演者	420.88	431.74	出店料を下げたことで、初めての人も気軽に出られるようになりました。出店者のうち三割ほどは、高校の部活動や子ども会などの団体です。
講演者	431.99	445.36	運営側の収入はどうなったかというと、一回あたり四万円ほどだったものが、一年後には七万円前後まで増えました。出店者が増えて、一人ひとりの売上も伸びたからです。
講演者	445.61	459.72	その七万円から、大家さんへの謝礼、棚の運搬費、チラシの印刷代を払って、ようやく赤字にならない程度です。それでも、補助金に頼らずに回せるようになったのは大きかったです。
講演者	459.97	471.26	三つ目の要点は、月一回の市を、常設のお店につなげることです。市はあくまで入口で、最終的に通りに店が戻らなければ意味がないと考えていました。
講演者	471.51	482.96	ひと棚市を二年続けたころ、出店者のうち三人が「自分の店を持ちたい」と言い出しました。そのうちの一人が、先ほどのパンを焼く主婦の方でした。
講演者	483.21	498.40	彼女の場合、まず棚一台から始めて、半年後には棚三台、一年後には店の半分を使うようになりました。そして三年目に、隣の空き店舗を借りて、週四日のパン屋を開きました。
講演者	498.65	508.52	開店した最初の月の売上は三十二万円ほどで、家賃を払っても手元にきちんと残る額だったそうです。今は週五日に増やしています。
講演者	508.77	520.17	彼女が開店の前に話していたのは、「棚一台のころに付いた常連さんがいたから、怖くなかった」ということでした。小さく始めたことが、ここでも生きていたんです。
講演者	520.42	533.57	ここで大事だったのは、大家さんがもう彼女の顔を知っていたことです。二年間、月に一度は顔を合わせていたので、「あの人なら」と五年の契約をすんなり結んでくださいました。
講演者	533.82	545.57	ですから、市を開くときは、出店者と大家さんが顔を合わせる場面を意識して作ったほうがいいと思います。私たちは毎回、終わりに十分だけお茶の時間を設けていました。
講演者	545.82	559.32	この流れで、九年間に常設の店になったのは、合わせて十一軒です。数としては大きくありませんが、開いている店が十九軒だった通りにとっては、半分以上増えたことになります。
講演者	559.57	573.00	十一軒の内訳は、パン屋が二軒、干物と惣菜の店が三軒、木工や雑貨の店が四軒、喫茶店が二軒です。食べ物の店と、見て楽しむ店が半々くらいになりました。
講演者	573.25	584.75	では二つ目の取り組みに移ります。店が増えても、お客さんが来られなければ意味がありません。次は、買い物に来るための足の話です。
講演者	585.00	597.20	笹ノ浦町では、路線バスが一日四往復まで減ってしまっていました。高齢の方にとっては、行きは乗れても、帰りのバスまで二時間待つ、という状態だったんです。
講演者	597.45	608.61	私たちが行ったアンケートでは、商店街に来ない理由の一位が「帰りの足がない」で、回答した二百十人のうち、百三十人ほどがこれを挙げていました。
講演者	608.86	619.67	そこで始めたのが、商店街から家まで送る乗合のワゴン、「よりみち便」です。買い物のついでに寄り道してほしい、という願いを込めて名前をつけました。
講演者	619.92	630.36	ここでの一つ目の要点は、行きよりも帰りを優先して設計する、ということです。当たり前のようですが、私たちも最初は逆に考えていました。
講演者	630.61	644.02	最初は、町内を回って人を集め、商店街に連れてくる便を走らせていました。ところが、行きは乗っても、帰りは知り合いの車に頼む人が多くて、空席が目立ちました。
講演者	644.27	654.07	話を聞くと、行きは時間を合わせられるけれど、帰りはいつ買い物が終わるかわからない、だから決まった時刻のバスは使いにくい、ということでした。
講演者	654.32	666.00	そこで、帰りの便だけにしぼり、商店街の中ほどにある休憩所から、三十分おきに出す形に変えました。買い物が終わった人から、次の便に乗ってもらいます。
講演者	666.25	681.93	手順で言うと、一つ目にお客さんが店で買い物を済ませます。次に、店の人が休憩所に電話を一本入れます。最後に、休憩所で行き先を聞いて、近い方面ごとにまとめて送ります。
講演者	682.18	690.25	電話を受ける休憩所の当番は、商店街の店主さんの奥さん方が、半日ずつ交代で引き受けてくださっています。
講演者	690.50	699.54	休憩所には、買った荷物を一時的に置いておける棚も作りました。全部の買い物が終わるまで、手ぶらで通りを歩いてもらえるようにするためです。
講演者	699.79	713.60	一年目の途中で、出発を三十分おきから二十分おきに縮めてみたこともあります。けれど、一便あたりの乗車が二人ほどに減り、燃料代ばかりかかったので、半年で元に戻しました。
講演者	713.85	724.56	車は八人乗りのワゴンを二台使っています。一便あたりの乗車は平均で四人ほど、町の端の集落までなら片道二十分くらいです。
講演者	724.81	737.11	ワゴン二台は、町内の福祉施設で使わなくなった車を、年間十二万円で借りています。新しく買うと一台四百万円ほどかかるので、大きな節約になりました。
講演者	737.36	749.23	この形にしてから、一日あたりの利用者は、十二人ほどから四十人前後まで増えました。利用者の七割以上は、七十五歳を超える方々です。
講演者	749.48	760.11	ちなみに、行きの便をやめたことへの苦情は、思ったより少なく、半年で三件ほどでした。行きは家族に送ってもらう、という方が多かったんです。
講演者	760.36	772.18	もう一つ付け加えると、帰りの足ができたことで、一回の買い物の金額も上がりました。重い物を持って帰れるので、お米や灯油まで商店街で買う方が増えたんです。
講演者	772.43	785.37	灯油を扱っている燃料店さんでは、よりみち便を始めた翌年、店頭での灯油の売上が三割ほど増えたそうです。配達を頼むより、ついでに買えるほうが気楽だということでした。
講演者	785.62	798.05	お店側の記録では、よりみち便を使うお客さんの一回の買い物は、平均で二千八百円ほどでした。使わない方の平均が千六百円ほどなので、倍近い差があります。
講演者	798.30	806.09	皆さんも、お客さんの足を考えるときは、来てもらう方法より先に、帰ってもらう方法から考えてみてください。
講演者	806.34	816.44	二つ目の要点は、運行の費用を誰が持つかです。走らせ始めることよりも、走らせ続けることのほうが、ずっと難しかったんです。
講演者	816.69	824.41	年間の運行費は、車の維持と燃料、運転する人への謝礼を合わせて、およそ六百万円かかります。
講演者	824.66	836.64	最初の二年間は、町の補助金で半分以上をまかなっていました。けれども補助は三年で終わる約束だったので、そのあとをどうするかが大きな課題でした。
講演者	836.89	850.59	そこで、乗る人からは一回百円だけいただき、残りを商店街のお店で分担することにしました。参加している店は、月に五千円から二万円を、売上の規模に応じて出しています。
講演者	850.84	860.62	分担の額は一年ごとに見直します。乗った人の買い物の記録をもとに、よく買われている店ほど少し多めに出す、という決め方です。
講演者	860.87	872.38	最初は反対もありました。「うちの客は乗らないのに、なぜ払うのか」という声です。そこで、乗った人がどの店で買ったかを、半年間記録して見せました。
講演者	872.63	885.49	すると、乗った人の買い物は、平均で三軒のお店に分かれていたんです。一軒だけではなく、通り全体にお金が落ちていることがわかって、反対していた店主さんも納得してくださいました。
講演者	885.74	894.28	今は二十六の店が分担に加わっていて、補助金がなくても、運行費の八割以上をまかなえています。
講演者	894.53	906.99	とはいえ、お店の分担に切り替えた最初の年は、それでも百万円ほど足りませんでした。その分は、ひと棚市の収入の一部と、町の人からの寄付で埋めました。
講演者	907.24	914.48	三つ目の要点は、運転する人です。よりみち便の運転は、町内の退職した方々にお願いしています。
講演者	914.73	928.92	今は九人が交代で担当していて、一人あたり週に一日か二日です。元郵便局員の方、元役場の職員の方、元漁協の方など、町の道をよく知っている人ばかりです。
講演者	929.17	936.57	これも最初は苦労しました。運転手を広く募集しても、半年でたった二人しか集まりませんでした。
講演者	936.82	947.45	そこで募集のやり方を変えました。チラシで広く呼びかけるのをやめて、すでに運転している人に、知り合いを一人ずつ連れてきてもらったんです。
講演者	947.70	957.67	その結果、一年で七人が加わりました。知っている人に誘われると、「試しに一回だけ」と乗ってくれる方が多いんですね。
講演者	957.92	969.73	運転手の方には、一回の乗務につき三千円の謝礼をお渡ししています。お金のためというより、町の人と話せるのが楽しいと言ってくださる方がほとんどです。
講演者	969.98	981.13	安全のために、運転の前には毎回、休憩所で血圧を測ってもらいます。年に一度は、町の自動車学校で運転の確認も受けてもらっています。
講演者	981.38	991.95	九人のうち最年長は七十八歳の方です。運転を卒業する時期は、ご家族とも相談しながら、ご本人に決めてもらうようにしています。
講演者	992.20	1003.82	運転手さん同士の集まりも、月に一度開いています。危なかった場面や、お客さんから聞いた声を出し合う場で、ここから運行の改善がいくつも生まれました。
講演者	1004.07	1013.11	運転手を集めたいときは、広く呼びかけるより、今いる人の顔のつながりをたどったほうがいい、というのが私たちの学びです。
講演者	1013.36	1024.69	では三つ目の取り組みです。店があって、お客さんが来られるようになっても、店を続ける人がいなければ、通りはまた静かになってしまいます。
講演者	1024.94	1038.21	私たちが調べたところ、通りで営業していた店の店主の平均年齢は七十一歳でした。そして、跡を継ぐ人が決まっている店は、二十八軒のうち五軒しかありませんでした。
講演者	1038.46	1045.52	そこで始めたのが、町の高校生が放課後や土曜日に店番に入る「店番手形」という仕組みです。
講演者	1045.77	1053.52	一つ目の要点は、高校生には、いきなり店を継ぐ話ではなく、店番から入ってもらう、ということです。
講演者	1053.77	1068.94	最初、私たちは「商店街の後継者を育てる講座」を開きました。ところが、参加した高校生は二年間で四人だけでした。後を継ぐと言われても、十七歳にはまだ重すぎたんです。
講演者	1069.19	1079.64	そこで、名前も中身も変えました。週に一回、二時間だけ店番をする、時給は九百八十円、それだけの約束にしました。
講演者	1079.89	1090.59	時給の九百八十円は、店主さんが六割、私たちの団体が四割を負担しています。店主さんの負担は、週二時間で月に五千円弱です。
講演者	1090.84	1106.19	手順を言うと、一つ目に高校生が三つの店を見学します。次に、その中から一つ選んで、一か月お試しで店番をします。最後に、続けたいと思ったら、半年の店番手形を発行します。
講演者	1106.44	1121.00	手形というのは、名刺くらいの大きさの紙で、店主さんと本人の名前、曜日と時間が書いてあるだけのものです。でも、これを財布に入れておくと、自分の持ち場があるという気持ちになるそうです。
講演者	1121.25	1131.12	高校生と店主さんの組み合わせは、相性も大事です。お試しの一か月で合わないと感じたら、別の店に移ってもいい、という決まりにしています。
講演者	1131.37	1142.07	実際、最初の年は三人が店を移りました。移った先で長く続いた子もいるので、最初の組み合わせにこだわりすぎないことが大切だと思います。
講演者	1142.32	1154.21	初年度は十四人の高校生が手形を持ちました。三年目には三十八人になり、町の高校の二年生のうち、およそ五人に一人が店番を経験したことになります。
講演者	1154.46	1168.28	もう少し補足すると、高校生が店に立つと、お客さんの年齢層も変わりました。同級生やその親が来るようになり、ある酒屋さんでは、四十代のお客さんが一年で二倍近くに増えたそうです。
講演者	1168.53	1184.43	さらに言えば、高校生のほうからも、店のやり方に提案が出てきます。手書きの値札を見やすく書き直したり、店の写真を撮って町の掲示板に貼ったりと、小さなことですが、店主さんにはとても新鮮だったようです。
講演者	1184.68	1195.88	店主さんの側の変化もありました。ある乾物屋さんは、高校生が来る土曜日に合わせて、閉めていた二階の倉庫を片付け、新しい品を並べ始めました。
講演者	1196.13	1206.36	皆さんの町でも、若い人に関わってもらうなら、継ぐかどうかの話より先に、まず週に二時間の居場所を用意することを考えてみてください。
講演者	1206.61	1216.28	二つ目の要点は、店主さんの技を、言葉と写真で残しておくことです。これは店番を始めてから、後になって気づいたことでした。
講演者	1216.53	1229.29	店番をしていると、高校生は同じことを何度も聞きます。乾物の量り方、包み方、常連さんの好みなどです。店主さんは、毎回同じ説明をすることになります。
講演者	1229.54	1241.32	そこで、店ごとに一冊、「店のノート」を作りました。高校生が聞いたことを、その場で書き込んでいくノートです。店主さんには、内容を確かめてもらうだけにしました。
講演者	1241.57	1255.80	ノートの作り方にも手順があります。一つ目に、その日聞いたことを高校生が箇条書きにします。次に、店主さんが赤ペンで直します。最後に、月に一度、私たちが清書します。
講演者	1256.05	1266.09	最初は文字だけのノートでしたが、包み方などは文字では伝わらないとわかり、途中から手元の写真を必ず添えるようにしました。
講演者	1266.34	1277.77	今では、店番の高校生がいない店からも、ノートを作りたいという声が出ています。去年は四軒の店主さんが、自分でノートを書き始めました。
講演者	1278.02	1292.34	ある鰹節屋さんのノートは、三年で百二十ページを超えました。削り方の角度、湿気の多い日の保管の仕方、お盆前に注文が増える家の名前まで、細かく書いてあります。
講演者	1292.59	1303.08	このノートが、思わぬところで役に立ちました。その鰹節屋の店主さんが去年体を壊して、三か月お店に立てなくなったんです。
講演者	1303.33	1314.26	そのあいだ、ノートを見ながら、店番の高校生とその家族で店を開け続けることができました。常連さんの注文も、ほとんど取りこぼさずに済んだそうです。
講演者	1314.51	1323.58	店の知恵は、店主さんの頭の中にしかないことがほとんどです。元気なうちに書き出しておいたほうがいい、と私は強く思っています。
講演者	1323.83	1334.06	三つ目の要点は、高校を卒業したあとも、店とのつながりを切らさないことです。店番は三年で終わり、では寂しいと思ったんです。
講演者	1334.31	1345.24	町の高校を出ると、八割近くの生徒が進学や就職で町の外に出ていきます。ここは止められませんし、止めるべきでもないと思っています。
講演者	1345.49	1354.85	そのかわり、お盆と年末の繁忙期には、帰省したときに店番に戻ってきてもらえるよう、手形を卒業後も有効にしました。
講演者	1355.10	1366.47	卒業生には、年に二回、店からの便りを送っています。店主さんの近況と、今その店にどんな店番がいるかを書いた、はがき一枚の便りです。
講演者	1366.72	1377.84	今年からは、卒業生が自分の後輩を店に紹介する流れも生まれています。手形を持つ高校生の三人に一人は、先輩からの紹介で来た子です。
講演者	1378.09	1389.11	卒業生が戻ってくる日は、店主さんたちも楽しみにしていて、年末にはひと棚市の会場を借りて、小さな集まりを開くようになりました。
講演者	1389.36	1401.27	去年の年末には、卒業生のうち十六人が戻ってきて店番に入りました。そして、そのうちの二人は、町に戻ってお店を継ぐことを考えていると話してくれています。
講演者	1401.52	1411.23	九年かけて、ようやくここまで来た、というのが正直なところです。後継ぎが決まった店は、五軒から八軒に増えました。
講演者	1411.48	1424.89	最後に、三つの取り組みを振り返ります。空き店舗は小さく短く貸すこと。足は帰りから考えること。担い手は店番という小さな入口から迎えること。
講演者	1425.14	1434.67	どれも、最初の案はうまくいきませんでした。うまくいかなかったときに、相手の本当の不安を聞きに行ったことが、次の一手につながったと思います。
講演者	1434.92	1448.41	もう一つ言えば、三つの取り組みは、どれも一つの団体だけではできませんでした。大家さん、店主さん、運転手さん、高校生と、関わる人が少しずつ増えたことが一番の財産です。
講演者	1448.66	1459.12	ですから皆さんにも、うまくいかないときこそ、計画を練り直す前に、まず相手の話を聞きに行ってほしいと思います。ご清聴ありがとうございました。
司会	1459.57	1468.96	松葉さん、ありがとうございました。それでは質疑に移ります。ご質問のある方は挙手をお願いします。はい、前の列の方どうぞ。
質問者A	1469.41	1481.55	貴重なお話をありがとうございました。ひと棚市について伺います。出店者が増えたとき、売るものが重なって、出店者どうしで揉めることはなかったのでしょうか。
講演者	1482.00	1490.62	ありがとうございます。はい、ありました。二年目に焼き菓子の出店者が五人に増えて、売上の取り合いになったことがあります。
講演者	1490.87	1503.91	そのときは、同じ種類の品物は一つの店の中で二つの棚まで、という決まりを作りました。そして、あふれた方には、別の空き店舗で開く日を案内しました。
講演者	1504.16	1512.29	結果的に、それがきっかけで会場が二か所に増えました。揉めごとは、広げるきっかけにもなるんだと感じています。
講演者	1512.54	1522.64	それから、同じ品物でも作り手が違うと、お客さんは食べ比べを楽しんでくださいます。重なることが、必ずしも悪いことばかりではないんです。
司会	1523.09	1531.82	ありがとうございます。会場の皆さん、ほかにご質問はいかがでしょうか。はい、では後ろの列の方どうぞ。
質問者B	1532.27	1539.73	よりみち便について伺います。タクシー会社など、地元の交通の事業者から反発はありませんでしたか。
講演者	1540.18	1548.22	とても大事なご質問です。実は、町内に一社だけあるタクシー会社とは、始める前に半年かけて話し合いました。
講演者	1548.47	1557.93	話し合いでは、タクシー会社の一日の乗車の記録も見せていただき、どの時間帯が忙しいかを確かめたうえで、運行の時間を決めました。
講演者	1558.18	1570.43	それから、走らせる区域についても、タクシー会社と何度も地図を広げて確かめました。町の北側の二つの集落は、今もタクシーの区域として残しています。
講演者	1570.68	1582.64	そのうえで、よりみち便は商店街から家への帰りの便だけにし、病院や駅への送り迎えはしない、と線を引きました。そちらはタクシーの仕事として残したんです。
講演者	1582.89	1595.93	今では、雨の日や便が満席のときに、タクシー会社に回す流れもできています。社長さんからは、高齢のお客さんが外に出るようになって、むしろ助かっていると言っていただきました。
講演者	1596.18	1605.09	同じような仕組みを考えている方は、走らせる前に、地元の交通の事業者と必ず話をしたほうがいいと思います。
司会	1605.54	1612.79	ありがとうございます。時間の関係で、あと一問とさせていただきます。先ほどの方、もう一度どうぞ。
質問者A	1613.24	1624.11	ありがとうございます。店番手形の高校生ですが、学校との関係はどうされていますか。校則でアルバイトが禁止されていることも多いと思うのですが。
講演者	1624.56	1630.31	おっしゃる通りで、町の高校も、最初はアルバイトを原則として認めていませんでした。
講演者	1630.56	1638.03	そこで、学校の地域学習の授業の一部として位置づけてもらえないか、二年かけて先生方と話し合いました。
講演者	1638.28	1646.88	結果として、一か月のお試し期間は授業の一環とし、そのあとの店番は保護者の同意があれば認める、という形になりました。
講演者	1647.13	1655.18	保護者の同意書は一枚だけの簡単なものにして、店主さんの連絡先と、店番の曜日と時間を書いて渡しています。
講演者	1655.43	1667.17	今では、先生方が店まで様子を見に来てくださることもあります。学校を説得するというより、一緒に仕組みを作る相手として関わってもらうのが近道だと思います。
司会	1667.62	1676.42	松葉さん、三つのご質問にも丁寧にお答えいただき、本当にありがとうございました。会場の皆さんも、ご質問をありがとうございました。
司会	1676.67	1684.77	小さな棚、小さな便、小さな店番と、どれも小さな一歩から始まっていたのが印象的でした。
司会	1685.02	1696.45	これで本日の講座を終わります。皆さん、最後までお付き合いいただき、ありがとうございました。もう一度、松葉さんに大きな拍手をお願いします。
